gid,grid_rank,RiskScore_A_grid,RiskScore_A_norm_grid,예상_감소량_상대,적용후_위험도,is_top15,grid_area,piece_count
다사726436,1,0.6658452439625432,1.0,0.1,0.9,True,3.016559092729106,1
다사744485,2,0.6658452439625432,1.0,0.1,0.9,True,223.31194728305522,1
다사746484,3,0.6658452439625432,1.0,0.1,0.9,True,842.8522944887211,1
다사747485,4,0.6658452439625432,1.0,0.1,0.9,True,578.7483127557881,1
다사753488,5,0.6658452439625432,1.0,0.1,0.9,True,403.68633744659166,1
다사754476,6,0.6658452439625431,1.0,0.1,0.9,True,96.92817654385544,1
다사755485,7,0.6658452439625432,1.0,0.1,0.9,True,387.2698831122629,1
다사748486,8,0.6078371060247679,0.9128804501289814,0.09128804501289815,0.8215924051160833,True,1809.9542676772414,2
다사757484,9,0.6030284083446971,0.9056585052045819,0.0905658505204582,0.8150926546841237,True,2136.0488462597996,2
다사754486,10,0.5866436742590484,0.8810510844349437,0.08810510844349438,0.7929459759914493,True,2207.2866843954093,2
다사750488,11,0.5685144481494538,0.8538236974798237,0.08538236974798237,0.7684413277318413,True,1929.041397894339,3
다사749487,12,0.5490082431039827,0.824528294047358,0.0824528294047358,0.7420754646426222,True,2232.817936673215,2
다사747484,13,0.5054903095331791,0.7591708645764769,0.07591708645764769,0.6832537781188291,True,6816.074246237231,2
다사743485,14,0.48526262684279026,0.7287919095958707,0.07287919095958707,0.6559127186362836,True,3761.0010820373645,2
다사738468,15,0.47149257161896974,0.7081113455328568,0.07081113455328568,0.6373002109795711,True,10000.000000046593,6
다사740467,16,0.43936540932642626,0.6598611513866164,0.06598611513866164,0.5938750362479548,True,4544.0669981959145,6
다사729448,17,0.4223024016465231,0.6342350650931128,0.06342350650931128,0.5708115585838015,True,10000.000000290642,9
다사731451,18,0.4209187755726666,0.6321570656083941,0.06321570656083941,0.5689413590475547,True,9999.999999959737,11
다사731470,19,0.41943119936630674,0.6299229485671622,0.06299229485671623,0.566930653710446,True,9999.99999995218,7
다사745484,20,0.4059767357242529,0.6097163558730637,0.06097163558730637,0.5487447202857574,True,4859.768614666389,2
다사737469,21,0.40502765649146316,0.6082909807706726,0.06082909807706726,0.5474618826936053,True,9999.999999939493,8
다사753487,22,0.39361064187432443,0.5911443318749104,0.059114433187491044,0.5320298986874195,True,5564.407035583921,4
다사739468,23,0.39197363105389854,0.5886857863866469,0.058868578638664695,0.5298172077479822,True,9999.997946646403,11
다사746483,24,0.3860743685023204,0.5798259760852761,0.057982597608527614,0.5218433784767484,True,9835.76490770782,3
다사726443,25,0.3728878865276947,0.5600218517873371,0.05600218517873371,0.5040196666086034,True,9999.999834317401,10
다사743478,26,0.3725871206502241,0.5595701464095519,0.0559570146409552,0.5036131317685968,True,10000.00000005323,6
다사729470,27,0.35788592506999123,0.5374911487542651,0.05374911487542651,0.4837420338788386,True,10000.00000000471,11
다사731461,28,0.3573796553601119,0.5367308073469037,0.053673080734690376,0.48305772661221336,True,10000.000000048925,5
다사740471,29,0.35709841332192405,0.5363084238565388,0.05363084238565388,0.4826775814708849,True,9999.999673128359,8
다사737464,30,0.35386447597737963,0.5314515334997063,0.053145153349970636,0.4783063801497357,True,9999.999999921047,7
다사737459,31,0.34980740758801154,0.5253584233871764,0.052535842338717643,0.47282258104845876,True,9999.999999947644,5
다사739469,32,0.34950994451258116,0.5249116783242243,0.05249116783242243,0.47242051049180184,True,9999.99999554694,13
다사756484,33,0.3467352291921875,0.5207444707853061,0.05207444707853061,0.46867002370677546,True,5982.610128888152,2
다사731459,34,0.34438620314329205,0.5172165848835969,0.05172165848835969,0.4654949263952372,True,9999.99999999677,9
다사723451,35,0.34010370139574814,0.510784907573629,0.051078490757362906,0.4597064168162661,True,1556.9609165340735,5
다사728453,36,0.3384681221074214,0.5083285120325373,0.05083285120325373,0.4574956608292835,True,9999.996654351622,6
다사738467,37,0.3379385013844676,0.5075331008949554,0.050753310089495546,0.45677979080545983,True,10000.000085802722,9
다사737461,38,0.3356728654570615,0.5041304544873262,0.050413045448732624,0.4537174090385936,True,10000.00000008611,7
다사745482,39,0.33424323603041595,0.501983364845088,0.050198336484508804,0.4517850283605792,True,9999.999999971862,4
다사741474,40,0.3317936637869898,0.4983044735927478,0.049830447359274783,0.44847402623347304,True,9999.999999964242,3
다사748483,41,0.327905488095116,0.49246501505920814,0.04924650150592082,0.44321851355328734,True,9999.999654801255,7
다사733474,42,0.32778201998860734,0.49227958442404457,0.04922795844240446,0.4430516259816401,True,9999.999999930675,7
다사745481,43,0.32069672049437814,0.4816385239697211,0.048163852396972115,0.433474671572749,True,9999.99999993399,4
다사744479,44,0.3199234518861201,0.4804771901383698,0.04804771901383698,0.43242947112453284,True,8705.275284288466,7
다사738469,45,0.3178941203212094,0.47742943755124634,0.04774294375512464,0.42968649379612167,True,10000.000000063947,9
다사750481,46,0.3175911622454831,0.47697443981945603,0.04769744398194561,0.42927699583751044,True,9999.999999810356,13
다사731468,47,0.3167693340261226,0.47574017671280733,0.047574017671280736,0.4281661590415266,True,10000.000000070091,7
다사737482,48,0.31546877315741184,0.4737869287464016,0.047378692874640166,0.42640823587176147,True,747.1422453837745,2
다사752480,49,0.31535608226690653,0.47361768387827785,0.04736176838782779,0.42625591549045005,True,9999.999194649286,6
다사752488,50,0.31482825977634704,0.4728249734168824,0.04728249734168824,0.42554247607519413,True,6264.784465918581,2
다사754485,51,0.31419350761591996,0.4718716705793497,0.04718716705793497,0.42468450352141474,True,8362.824321464575,3
다사750482,52,0.31298593333213837,0.47005807456025805,0.04700580745602581,0.42305226710423227,True,9999.999999973968,9
다사731465,53,0.31129725918122264,0.4675219384742418,0.046752193847424184,0.4207697446268176,True,10003.383814223833,8
다사750478,54,0.30982984231872907,0.4653180977532948,0.04653180977532948,0.4187862879779653,True,2083.3099136504998,2
다사751481,55,0.3093787338676905,0.4646406003090629,0.04646406003090629,0.4181765402781566,True,9999.999999954847,7
다사735470,56,0.3092895796588038,0.4645067040175521,0.04645067040175521,0.4180560336157969,True,10000.000000028696,10
다사751488,57,0.3059743089999777,0.4595276631835342,0.045952766318353426,0.4135748968651808,True,6441.821546820765,2
다사740468,58,0.30106213679111105,0.45215031498827846,0.04521503149882785,0.4069352834894506,True,10000.000018437639,14
다사736469,59,0.30020811060397656,0.4508676953482371,0.04508676953482371,0.4057809258134134,True,10000.000000080167,8
다사729446,60,0.29771173070573176,0.4471185059969872,0.044711850599698726,0.4024066553972885,True,10000.00026453952,8
다사731458,61,0.29684504810634194,0.44581687831811073,0.04458168783181107,0.40123519048629963,True,9999.999575265092,11
다사742467,62,0.29461994800954405,0.44247511066718354,0.044247511066718356,0.39822759960046517,True,3661.967211228529,6
다사743482,63,0.29409259504584023,0.44168310536492206,0.04416831053649221,0.39751479482842983,True,10000.000000028129,5
다사742476,64,0.2930338378958048,0.44009301042974674,0.04400930104297468,0.39608370938677206,True,10000.000000046351,7
다사731469,65,0.29236381231739056,0.43908673219243927,0.04390867321924393,0.39517805897319536,True,10000.000000109367,5
다사739470,66,0.29034797752969077,0.4360592497466636,0.043605924974666366,0.39245332477199724,True,9999.999982179506,19
다사740472,67,0.2898791230730871,0.43535510045543574,0.043535510045543575,0.39181959040989217,True,9999.999999917072,6
다사749482,68,0.28917244801903275,0.4342937801855052,0.04342937801855052,0.39086440216695467,True,9999.999996711103,11
다사744480,69,0.28805055710319033,0.4326088677737773,0.04326088677737773,0.38934798099639956,True,2804.5009125085,2
다사734454,70,0.2876619841393488,0.43202528928107964,0.04320252892810797,0.3888227603529717,True,10000.000485585222,9
다사741467,71,0.28695046034473554,0.4309566869278078,0.04309566869278078,0.38786101823502706,True,9394.040559983823,11
다사741482,72,0.2860853248514502,0.42965738277097887,0.04296573827709789,0.386691644493881,True,9999.99999994682,5
다사738482,73,0.285633235576786,0.42897841227631295,0.042897841227631295,0.38608057104868165,True,8835.946641932338,6
다사741478,74,0.2846863328720234,0.42755630599358657,0.04275563059935866,0.3848006753942279,True,9759.048895864173,5
다사743477,75,0.2842078563759016,0.426837705837679,0.042683770583767905,0.38415393525391106,True,9999.99999993452,4
다사751482,76,0.2840505682608228,0.4266014826063727,0.04266014826063727,0.3839413343457354,True,9999.999999940472,11
다사729468,77,0.28087636594815074,0.42183430533589766,0.04218343053358977,0.3796508748023079,True,9999.999999911493,8
다사728445,78,0.2797538401136136,0.42014843937122276,0.04201484393712228,0.37813359543410047,True,9999.999688248154,10
다사729469,79,0.2775171866537558,0.41678932029642524,0.041678932029642526,0.3751103882667827,True,9999.999999955879,8
다사728470,80,0.27427514853691276,0.4119202637908186,0.04119202637908186,0.3707282374117367,True,9763.820538903297,8
다사746482,81,0.27382974138682703,0.4112513288481658,0.04112513288481658,0.3701261959633492,True,10000.000000068469,4
다사731462,82,0.2736677331686633,0.41100801672777026,0.04110080167277703,0.36990721505499324,True,9999.999999956824,4
다사727444,83,0.2723435920505484,0.40901935475245205,0.040901935475245205,0.36811741927720687,True,10000.000096116855,14
다사732470,84,0.26895400095989114,0.4039286957421311,0.04039286957421311,0.36353582616791796,True,9999.999999986185,4
다사755484,85,0.2684891862495924,0.40323061354583484,0.04032306135458349,0.36290755219125137,True,9210.57666936479,3
다사744484,86,0.26674250835909813,0.4006073645156255,0.04006073645156255,0.36054662806406296,True,8970.914532038416,4
다사730450,87,0.2665101222708717,0.40025835535721577,0.04002583553572158,0.3602325198214942,True,10000.000000034892,5
다사729447,88,0.2661732098970566,0.3997523633465046,0.039975236334650464,0.35977712701185416,True,9999.999235002524,5
다사727451,89,0.26481578392872107,0.3977137125028682,0.03977137125028682,0.3579423412525814,True,10000.000000196575,8
다사737477,90,0.26386830047550136,0.39629073402279213,0.03962907340227922,0.3566616606205129,True,9999.99999979987,3
다사737460,91,0.2625145519025527,0.39425760607718674,0.03942576060771868,0.35483184546946805,True,10000.000000006949,4
다사744477,92,0.2620499899762149,0.39355990352460396,0.0393559903524604,0.35420391317214356,True,9999.999999874784,7
다사748480,93,0.2618409663289669,0.39324598125941806,0.03932459812594181,0.35392138313347626,True,9223.00018222854,8
다사731473,94,0.2599691150466707,0.39043474051050686,0.039043474051050686,0.3513912664594562,True,9999.99999998786,5
다사749479,95,0.2590136858763337,0.3889998287513554,0.03889998287513555,0.3500998458762199,True,5663.873472160117,3
다사731457,96,0.2573640706100349,0.3865223532699931,0.03865223532699932,0.34787011794299383,True,10000.000736955708,10
다사749483,97,0.25691642843546675,0.3858500616547461,0.03858500616547461,0.3472650554892715,True,9999.998861136992,12
다사734470,98,0.25504570661839576,0.3830405171937269,0.03830405171937269,0.3447364654743542,True,10000.000142611449,13
다사736461,99,0.2527799243401884,0.3796376509890764,0.03796376509890764,0.3416738858901688,True,10000.000000075719,5
다사730470,100,0.25274171767147546,0.3795802702852877,0.03795802702852877,0.34162224325675894,True,9999.999787767729,7
다사737458,101,0.25164695132258963,0.37793609491749386,0.03779360949174939,0.3401424854257445,True,9999.999999893476,4
다사748485,102,0.2504111758205211,0.37608014488514974,0.037608014488514974,0.33847213039663476,True,8555.55315366358,4
다사735478,103,0.24913350690271496,0.374161277206224,0.0374161277206224,0.3367451494856016,True,10000.000858864818,5
다사729461,104,0.24809797082192364,0.37260605684506515,0.037260605684506516,0.33534545116055864,True,10000.000224220255,15
다사737462,105,0.24796433815596144,0.3724053605613958,0.03724053605613958,0.3351648245052562,True,10000.000000035596,7
다사733470,106,0.24666751457608121,0.37045772544401834,0.037045772544401834,0.3334119528996165,True,9999.999785553911,5
다사737465,107,0.24651886050552504,0.37023446925663234,0.037023446925663235,0.3332110223309691,True,10000.000000094233,7
다사740477,108,0.24601598158899662,0.36947922031389646,0.03694792203138965,0.3325312982825068,True,9999.999999887295,5
다사728461,109,0.24569759589384643,0.36900105260445176,0.036900105260445175,0.3321009473440066,True,9999.999956995827,12
다사735455,110,0.24544123111250343,0.3686160310342483,0.03686160310342483,0.33175442793082344,True,10000.000433745774,10
다사740470,111,0.24504159646414922,0.36801583954534334,0.03680158395453433,0.331214255590809,True,9999.99961571674,16
다사732475,112,0.24450432117421803,0.36720893239266345,0.03672089323926635,0.3304880391533971,True,10000.000000132839,5
다사740478,113,0.24372170597269585,0.3660335613757216,0.03660335613757216,0.3294302052381494,True,9661.159439671734,4
다사737457,114,0.24355753130385582,0.36578699557033567,0.03657869955703357,0.3292082960133021,True,9999.999848851345,8
다사737463,115,0.2431281357704316,0.3651421076818695,0.03651421076818695,0.32862789691368255,True,9999.999999853535,4
다사745479,116,0.24271440949004444,0.3645207526686159,0.03645207526686159,0.32806867740175427,True,8658.275576645341,6
다사734461,117,0.24231115634074685,0.3639151267323282,0.03639151267323282,0.32752361405909536,True,10000.000669842726,8
다사753478,118,0.2421276069422912,0.3636394629799473,0.0,0.3636394629799473,False,10000.000000014923,4
다사739482,119,0.24045141332861406,0.3611220707947875,0.0,0.3611220707947875,False,9999.99999996302,9
다사732472,120,0.2402116091436615,0.3607619207642407,0.0,0.3607619207642407,False,10000.000000020842,5
다사748482,121,0.2397937786345953,0.36013440181317086,0.0,0.36013440181317086,False,9999.999999930656,8
다사737468,122,0.23829432707689405,0.3578824497698135,0.0,0.3578824497698135,False,9999.999337379155,7
다사732473,123,0.23485312774546901,0.3527142828982654,0.0,0.3527142828982654,False,10000.000000064816,6
다사739467,124,0.23300640894306565,0.3499407873763732,0.0,0.3499407873763732,False,9513.322085520675,11
다사753477,125,0.2326285636082231,0.349373320178449,0.0,0.349373320178449,False,9999.99999987583,5
다사722444,126,0.23097999895671872,0.3468974225634214,0.0,0.3468974225634214,False,10000.00004435488,11
다사741473,127,0.23077390499213823,0.3465879002435591,0.0,0.3465879002435591,False,9999.999999992988,8
다사720443,128,0.23075541842603686,0.34656013618536546,0.0,0.34656013618536546,False,355.06306149769966,3
다사740475,129,0.2304831004763088,0.3461511553415474,0.0,0.3461511553415474,False,10000.000000013444,3
다사729473,130,0.23031711541024877,0.34590187059022554,0.0,0.34590187059022554,False,5672.413128136989,3
다사725445,131,0.22966286114656398,0.34491927850953247,0.0,0.34491927850953247,False,10000.00000001336,4
다사725449,132,0.22834847315009404,0.34294526426464894,0.0,0.34294526426464894,False,10000.000000134498,7
다사748484,133,0.22715233627527898,0.3411488455237165,0.0,0.3411488455237165,False,10000.000000040689,5
다사729445,134,0.22702170107812492,0.34095265099001876,0.0,0.34095265099001876,False,9999.998594081226,6
다사736477,135,0.2269918081247387,0.34090775624359354,0.0,0.34090775624359354,False,9999.999949573183,4
다사727442,136,0.22559220124503107,0.3388057559779186,0.0,0.3388057559779186,False,9999.999955685633,7
다사729465,137,0.22510067188121333,0.3380675523663818,0.0,0.3380675523663818,False,9999.999999885466,5
다사745477,138,0.223873719670473,0.33622485359836396,0.0,0.33622485359836396,False,10000.000088180508,9
다사723444,139,0.22236943976223425,0.33396565009442875,0.0,0.33396565009442875,False,9999.999999983263,10
다사729471,140,0.22177553241258596,0.33307369005561577,0.0,0.33307369005561577,False,10000.000047177611,10
다사753479,141,0.22058064325424703,0.3312791451982733,0.0,0.3312791451982733,False,10000.000000025368,4
다사731466,142,0.2202788693484263,0.33082592591262544,0.0,0.33082592591262544,False,10000.00000017511,5
다사749481,143,0.22021654028116072,0.3307323169729645,0.0,0.3307323169729645,False,10000.000000003509,9
다사734462,144,0.21800851883333577,0.32741619889921414,0.0,0.32741619889921414,False,9999.999999932475,12
다사744478,145,0.21765645050542953,0.32688744491155913,0.0,0.32688744491155913,False,9999.999999886775,8
다사752481,146,0.2176039786757782,0.3268086400689519,0.0,0.3268086400689519,False,9999.999866582182,9
다사739483,147,0.2175813647953722,0.32677467740178395,0.0,0.32677467740178395,False,9620.081899166542,4
다사736455,148,0.21746877128579079,0.32660557878524765,0.0,0.32660557878524765,False,10000.00019396369,10
다사742475,149,0.21732682710309278,0.3263923998461697,0.0,0.3263923998461697,False,10000.00000001701,4
다사739471,150,0.21649289615449702,0.3251399602497959,0.0,0.3251399602497959,False,9999.999999945927,9
다사729454,151,0.21647397030079427,0.32511153644730684,0.0,0.32511153644730684,False,10000.005586725834,5
다사730469,152,0.21603188524613293,0.3244475907952655,0.0,0.3244475907952655,False,10000.000000000535,10
다사731467,153,0.2157313739983104,0.3239962678331398,0.0,0.3239962678331398,False,10000.000000054557,7
다사732452,154,0.21457242818425135,0.3222557045046972,0.0,0.3222557045046972,False,9999.999999806963,7
다사742478,155,0.21435652402715705,0.32193144874248825,0.0,0.32193144874248825,False,10000.000294779056,4
다사728444,156,0.21356592644071284,0.3207440893769106,0.0,0.3207440893769106,False,10000.000191442083,7
다사737481,157,0.2127925344767119,0.3195825702836776,0.0,0.3195825702836776,False,4740.308983163621,5
다사747481,158,0.21275618438655747,0.3195279778832902,0.0,0.3195279778832902,False,10000.000000053456,5
다사745478,159,0.21266044001007345,0.3193841841454026,0.0,0.3193841841454026,False,9999.999999946363,13
다사734464,160,0.21245172356105424,0.3190707232460245,0.0,0.3190707232460245,False,10000.000000180413,11
다사733453,161,0.21225106645963607,0.31876936628171837,0.0,0.31876936628171837,False,10000.000000009142,7
다사738481,162,0.21201742996383957,0.31841847919809807,0.0,0.31841847919809807,False,9580.129629991981,4
다사731460,163,0.21136064912749927,0.31743209258304655,0.0,0.31743209258304655,False,10000.006912504849,10
다사753480,164,0.211109814437064,0.31705537638253356,0.0,0.31705537638253356,False,10000.00045724312,9
다사738476,165,0.21090367665202872,0.3167457882509003,0.0,0.3167457882509003,False,10000.001158778325,11
다사746479,166,0.210567608829251,0.31624106462957086,0.0,0.31624106462957086,False,8196.23115600448,5
다사730449,167,0.2101062803385627,0.31554821821387397,0.0,0.31554821821387397,False,10000.000000108406,5
다사726450,168,0.20963598025253918,0.3148418978034064,0.0,0.3148418978034064,False,9999.999999988113,6
다사747483,169,0.20806572539947552,0.31248360979684364,0.0,0.31248360979684364,False,9999.999999966836,3
다사744482,170,0.20728964379596693,0.31131805126722195,0.0,0.31131805126722195,False,10000.000000121532,5
다사744483,171,0.20649960956267013,0.31013153797383985,0.0,0.31013153797383985,False,9999.998041927458,5
다사740481,172,0.2041174359706,0.30655386941846585,0.0,0.30655386941846585,False,5873.816822520683,3
다사732453,173,0.20318821338190618,0.30515831602656374,0.0,0.30515831602656374,False,9999.999999909895,8
다사740482,174,0.20293651338512478,0.3047803002652984,0.0,0.3047803002652984,False,9999.999999856214,3
다사730468,175,0.20256881370078494,0.3042280703174631,0.0,0.3042280703174631,False,9999.999999719284,8
다사747479,176,0.20227379188587002,0.3037849916627907,0.0,0.3037849916627907,False,4545.433438750571,6
다사733475,177,0.20226257033382597,0.30376813856945434,0.0,0.30376813856945434,False,10000.000000045064,5
다사725458,178,0.20221000675876513,0.3036891959389596,0.0,0.3036891959389596,False,6706.035738616746,6
다사729452,179,0.19982112658912035,0.30010145510682834,0.0,0.30010145510682834,False,9999.999999950607,7
다사730456,180,0.1993368362472703,0.2993741234239166,0.0,0.2993741234239166,False,10000.000240700505,4
다사734476,181,0.19839450188290023,0.2979588781054067,0.0,0.2979588781054067,False,10000.000000013446,10
다사740476,182,0.19814687743930715,0.2975869832156582,0.0,0.2975869832156582,False,9999.999999974843,4
다사742466,183,0.19760028170376429,0.29676607814725214,0.0,0.29676607814725214,False,16.08201106844777,2
다사742474,184,0.19754658108439752,0.2966854278462195,0.0,0.2966854278462195,False,9999.99999993618,4
다사735479,185,0.19688134633421717,0.2956863447166,0.0,0.2956863447166,False,10000.00000015922,4
다사739459,186,0.1960450339330754,0.29443032853457435,0.0,0.29443032853457435,False,3310.2341601728967,4
다사736480,187,0.19553856653678647,0.29366969023178363,0.0,0.29366969023178363,False,4022.918562564665,6
다사751479,188,0.1950736702099672,0.2929714854596769,0.0,0.2929714854596769,False,9999.999999474436,4
다사734477,189,0.19309830063830755,0.2900047757180799,0.0,0.2900047757180799,False,9999.99999997983,7
다사731463,190,0.19266058687350626,0.28934739508981805,0.0,0.28934739508981805,False,9999.998773121077,9
다사728452,191,0.19226396810442759,0.288751733000654,0.0,0.288751733000654,False,9999.999999867607,6
다사724446,192,0.19110265899466441,0.2870076203554212,0.0,0.2870076203554212,False,10000.000236137214,17
다사742482,193,0.19094033216664708,0.28676382973066383,0.0,0.28676382973066383,False,9999.999744204097,4
다사728449,194,0.19073789039105657,0.28645979245259345,0.0,0.28645979245259345,False,9999.999999993572,7
다사741481,195,0.1903932084889822,0.2859421317721279,0.0,0.2859421317721279,False,6110.441272357662,4
다사731464,196,0.18896036455164406,0.28379021441545954,0.0,0.28379021441545954,False,10003.509618109189,7
다사725442,197,0.1879928768459578,0.282337192539192,0.0,0.282337192539192,False,3364.525713239364,4
다사727449,198,0.18789529929060583,0.2821906456407396,0.0,0.2821906456407396,False,10000.000000060523,9
다사746478,199,0.18784096272973821,0.28210904025065786,0.0,0.28210904025065786,False,9999.999840890521,11
다사739481,200,0.18739035923756636,0.2814323011791429,0.0,0.2814323011791429,False,6639.470367251313,5
다사739476,201,0.18658736960812095,0.2802263308178219,0.0,0.2802263308178219,False,10000.000000084467,3
다사751480,202,0.184568657614442,0.2771945272388622,0.0,0.2771945272388622,False,10000.000151987268,8
다사728448,203,0.18379328802724795,0.276030038051285,0.0,0.276030038051285,False,10000.00011323502,8
다사738470,204,0.18365503787655174,0.2758224069959463,0.0,0.2758224069959463,False,10000.000000016964,15
다사723445,205,0.18323504613090974,0.2751916421906853,0.0,0.2751916421906853,False,10000.00073211275,12
다사741475,206,0.18147024529203531,0.27254117520173177,0.0,0.27254117520173177,False,10000.000000074271,4
다사724452,207,0.18095728600975958,0.2717707870568484,0.0,0.2717707870568484,False,8556.795826110683,6
다사728441,208,0.17933210436460406,0.26933000722115585,0.0,0.26933000722115585,False,9730.875165634076,12
다사730457,209,0.1790232269524863,0.2688661195311582,0.0,0.2688661195311582,False,10000.008828388463,9
다사737456,210,0.17831537804683292,0.26780303631163876,0.0,0.26780303631163876,False,9999.999999996637,3
다사731471,211,0.17596297140012004,0.26427007325747115,0.0,0.26427007325747115,False,9999.99981981338,6
다사734478,212,0.17595774718792914,0.26426222727187876,0.0,0.26426222727187876,False,9999.999999967342,3
다사729474,213,0.17586202944187576,0.26411847352891626,0.0,0.26411847352891626,False,1316.355714575156,2
다사739478,214,0.1755706643129783,0.26368088666989853,0.0,0.26368088666989853,False,9877.86811933511,4
다사722445,215,0.1741340845371038,0.2615233586423269,0.0,0.2615233586423269,False,10000.000000132939,13
다사725444,216,0.17407774605387807,0.2614387466641884,0.0,0.2614387466641884,False,9999.999999962904,4
다사735464,217,0.1732075935417375,0.2601319076951779,0.0,0.2601319076951779,False,10000.000000027285,7
다사736452,218,0.17303025595709223,0.25986557315835684,0.0,0.25986557315835684,False,982.9816426312219,2
다사726440,219,0.1714484705256402,0.2574899679470939,0.0,0.2574899679470939,False,7523.014291987534,6
다사750483,220,0.17058155961186663,0.2561879973741505,0.0,0.2561879973741505,False,10000.000000132253,9
다사738478,221,0.17026082430625217,0.25570630090109964,0.0,0.25570630090109964,False,9998.99132170291,9
다사724454,222,0.16878848146347752,0.25349506209429745,0.0,0.25349506209429745,False,6728.655745114745,6
다사737470,223,0.1687278583991751,0.2534040153160076,0.0,0.2534040153160076,False,10000.000000129668,10
다사741468,224,0.1684163535734176,0.25293618164357096,0.0,0.25293618164357096,False,9999.999999796386,10
다사737466,225,0.16825999387319798,0.2527013527525675,0.0,0.2527013527525675,False,10000.000218974112,4
다사723450,226,0.1681744229395939,0.2525728380047638,0.0,0.2525728380047638,False,7528.178949857643,5
다사749480,227,0.1681027298260005,0.2524651656676203,0.0,0.2524651656676203,False,10000.000000032062,3
다사732450,228,0.16545049773803072,0.24848190963024744,0.0,0.24848190963024744,False,9999.99999997303,9
다사752479,229,0.16544296281097665,0.24847059329642604,0.0,0.24847059329642604,False,10000.00000000899,3
다사733461,230,0.1643287572017524,0.24679722306614035,0.0,0.24679722306614035,False,10000.000000037819,8
다사732461,231,0.16400635103595157,0.24631301721091467,0.0,0.24631301721091467,False,9999.999999972631,10
다사735454,232,0.16319906938267187,0.2451006008715331,0.0,0.2451006008715331,False,9999.998511515103,7
다사737476,233,0.16168075977704682,0.2428203268598283,0.0,0.2428203268598283,False,10000.000041574529,4
다사747482,234,0.16162265229204265,0.24273305810551776,0.0,0.24273305810551776,False,10000.000000076761,4
다사735473,235,0.1600257658355477,0.2403347734125287,0.0,0.2403347734125287,False,10000.000000026559,7
다사750487,236,0.1599145494797643,0.2401677430750864,0.0,0.2401677430750864,False,9389.701196244805,3
다사730475,237,0.1596656283755495,0.23979390079495924,0.0,0.23979390079495924,False,6543.4682158519545,9
다사749486,238,0.1593355901360314,0.23929823270614933,0.0,0.23929823270614933,False,9504.485892313616,4
다사730474,239,0.1593138842312179,0.23926563368256185,0.0,0.23926563368256185,False,9940.771514399647,5
다사743475,240,0.1590510131280621,0.23887084058981348,0.0,0.23887084058981348,False,10000.00000001216,4
다사730471,241,0.15786408845322125,0.23708825719584448,0.0,0.23708825719584448,False,10000.001018028857,7
다사738483,242,0.15759701771058926,0.23668715687252817,0.0,0.23668715687252817,False,2099.655553342973,4
다사735461,243,0.1564344103952748,0.23494109451666362,0.0,0.23494109451666362,False,10000.000000106158,7
다사740483,244,0.15522144374069624,0.23311939996289607,0.0,0.23311939996289607,False,9999.99783825859,5
다사741470,245,0.15478333500067498,0.23246142614091012,0.0,0.23246142614091012,False,9999.999993258754,12
다사734474,246,0.15475129288816042,0.2324133036788138,0.0,0.2324133036788138,False,10000.000000014823,8
다사734463,247,0.1538886156073417,0.23111769138956054,0.0,0.23111769138956054,False,10000.000098456472,14
다사736460,248,0.15378430786545813,0.23096103675722765,0.0,0.23096103675722765,False,10000.000123477264,4
다사735477,249,0.15343158556558553,0.23043130060146041,0.0,0.23043130060146041,False,9999.999523867478,7
다사754481,250,0.15323448107895338,0.23013527913338003,0.0,0.23013527913338003,False,10000.000246434676,5
다사737455,251,0.1522359597990004,0.22863564946866896,0.0,0.22863564946866896,False,9999.999987682015,9
다사738472,252,0.1498894902246409,0.22511160300947178,0.0,0.22511160300947178,False,10000.000000067243,9
다사724448,253,0.1495516919264518,0.22460428047281317,0.0,0.22460428047281317,False,9999.999975476452,6
다사736473,254,0.14860790695946455,0.22318685656606477,0.0,0.22318685656606477,False,10000.000000027616,5
다사736475,255,0.1485397165032528,0.22308444469659505,0.0,0.22308444469659505,False,9999.999999916194,6
다사754477,256,0.14793496184099061,0.222176193616114,0.0,0.222176193616114,False,2693.5434271336553,5
다사727447,257,0.14672447430233132,0.2203582223237825,0.0,0.2203582223237825,False,9999.999949833391,4
다사737478,258,0.14660177324659687,0.2201739436841932,0.0,0.2201739436841932,False,9999.992830487256,5
다사729472,259,0.14445501280198475,0.21694983047759214,0.0,0.21694983047759214,False,9342.864077835777,5
다사746477,260,0.14322210540032326,0.2150981879032242,0.0,0.2150981879032242,False,9494.286355235745,7
다사731475,261,0.14233039918915527,0.2137589785009593,0.0,0.2137589785009593,False,10000.000000006738,10
다사738459,262,0.14094653474866659,0.21168062102519944,0.0,0.21168062102519944,False,8368.334208654898,4
다사725452,263,0.1407117778251884,0.2113280512267263,0.0,0.2113280512267263,False,10000.000000030652,6
다사726454,264,0.14046840648146514,0.21096254385706348,0.0,0.21096254385706348,False,9999.998260847842,4
다사730465,265,0.1394042384693183,0.20936432261602278,0.0,0.20936432261602278,False,10000.000000092303,4
다사732465,266,0.13880306305124782,0.20846144702515304,0.0,0.20846144702515304,False,10000.001605450378,5
다사733477,267,0.13817541002393843,0.20751880602410883,0.0,0.20751880602410883,False,9999.999999944665,7
다사730455,268,0.13758447842444224,0.20663131511709346,0.0,0.20663131511709346,False,10000.000949523732,7
다사727437,269,0.13656287222138186,0.2050970153495069,0.0,0.2050970153495069,False,6321.5449704237535,3
다사726446,270,0.13596223338289087,0.20419494562093674,0.0,0.20419494562093674,False,9999.999933638162,7
다사732474,271,0.13553583589817586,0.203554560353367,0.0,0.203554560353367,False,10000.000000005566,3
다사743476,272,0.13549211237694309,0.20348889416196708,0.0,0.20348889416196708,False,10000.00000000009,6
다사730461,273,0.13538773531899786,0.2033321354272736,0.0,0.2033321354272736,False,10000.0071817977,6
다사740469,274,0.13526342992402168,0.20314544731002218,0.0,0.20314544731002218,False,9999.999894997187,16
다사727443,275,0.1349514945870072,0.20267696707404706,0.0,0.20267696707404706,False,9999.998387702928,10
다사739484,276,0.13459972725847696,0.20214866514244986,0.0,0.20214866514244986,False,2165.956970505462,3
다사725454,277,0.13405908877937717,0.2013367069824991,0.0,0.2013367069824991,False,9999.993099101954,4
다사736453,278,0.1338154449678687,0.20097079040696192,0.0,0.20097079040696192,False,7841.477738860285,5
다사730451,279,0.13357983854059188,0.20061694478080003,0.0,0.20061694478080003,False,10000.000000137403,6
다사736464,280,0.1331183761736633,0.19992389730300725,0.0,0.19992389730300725,False,9999.999999943571,3
다사730447,281,0.1327932547896948,0.19943561359607015,0.0,0.19943561359607015,False,9999.999955788418,4
다사731472,282,0.132775805610976,0.19940940753861608,0.0,0.19940940753861608,False,10000.000564092898,3
다사736456,283,0.1287207970650847,0.19331939100300288,0.0,0.19331939100300288,False,10000.00000003675,5
다사730458,284,0.1285472465933127,0.19305874414347263,0.0,0.19305874414347263,False,9999.999073328581,8
다사743483,285,0.12826690880039956,0.1926377186943084,0.0,0.1926377186943084,False,9999.992014677546,4
다사741469,286,0.12821138673077664,0.1925543328473322,0.0,0.1925543328473322,False,10000.000100668942,13
다사735474,287,0.12788798985562538,0.19206863909479194,0.0,0.19206863909479194,False,10000.000000006137,3
다사726460,288,0.1253591528120709,0.18827070396424267,0.0,0.18827070396424267,False,10000.00004166536,7
다사736476,289,0.12412411203788076,0.1864158573833161,0.0,0.1864158573833161,False,9999.999999958272,4
다사729440,290,0.12407472970182752,0.1863416924981554,0.0,0.1863416924981554,False,6251.021514595989,6
다사723446,291,0.12343807527726385,0.18538553274431405,0.0,0.18538553274431405,False,9999.999519791396,6
다사733476,292,0.1232037459788445,0.18503360517474127,0.0,0.18503360517474127,False,9999.999999984682,8
다사735451,293,0.1230454831197464,0.18479591802366058,0.0,0.18479591802366058,False,9211.627657851903,5
다사732449,294,0.12276645597710123,0.18437686097523198,0.0,0.18437686097523198,False,10000.000000116448,4
다사729464,295,0.1219021291179872,0.1830787712660222,0.0,0.1830787712660222,False,10000.000120946583,4
다사724447,296,0.12177861763392189,0.18289327548425424,0.0,0.18289327548425424,False,9999.999979680642,7
다사722443,297,0.11990091556749234,0.18007324773237746,0.0,0.18007324773237746,False,8795.579303373603,10
다사755483,298,0.11950500682957158,0.1794786520038495,0.0,0.1794786520038495,False,10000.000000042302,4
다사735452,299,0.11792637651770192,0.17710778531044943,0.0,0.17710778531044943,False,9999.042975623697,3
다사737472,300,0.1178118896742015,0.17693584318945582,0.0,0.17693584318945582,False,10000.000000112257,7
다사739466,301,0.11711276214407407,0.17588585817196617,0.0,0.17588585817196617,False,5280.954349755628,4
다사726451,302,0.11696077205905134,0.17565759178964852,0.0,0.17565759178964852,False,10000.000000022306,3
다사750480,303,0.11582810392248202,0.17395649360378684,0.0,0.17395649360378684,False,9999.99999989519,3
다사732467,304,0.11548414609431958,0.1734399203740743,0.0,0.1734399203740743,False,9999.999999939268,5
다사724444,305,0.11488816549856415,0.1725448466295978,0.0,0.1725448466295978,False,9999.999999971056,3
다사745480,306,0.11467928830875723,0.17223114432159023,0.0,0.17223114432159023,False,3832.1922882635986,3
다사736459,307,0.1145537182682756,0.17204255689587797,0.0,0.17204255689587797,False,10000.000000032633,5
다사729466,308,0.11423188241073082,0.17155920755838103,0.0,0.17155920755838103,False,9984.31138819242,4
다사733449,309,0.11419740831140389,0.17150743261572055,0.0,0.17150743261572055,False,4042.8367639212192,5
다사732462,310,0.11409985371187804,0.1713609201934867,0.0,0.1713609201934867,False,9999.999999996728,7
다사734460,311,0.11396732549856244,0.171161882632556,0.0,0.171161882632556,False,10000.000908486103,6
다사728462,312,0.11364084941412474,0.17067156436806744,0.0,0.17067156436806744,False,10000.00000007151,3
다사733454,313,0.1135135882204442,0.17048043708310973,0.0,0.17048043708310973,False,10000.000145150541,5
다사725438,314,0.11260997504925703,0.1691233452072113,0.0,0.1691233452072113,False,9981.591808185103,8
다사755482,315,0.11212144598215877,0.16838964759274622,0.0,0.16838964759274622,False,10000.000002426163,5
다사731452,316,0.11159847634301248,0.16760422538858055,0.0,0.16760422538858055,False,10000.000012680752,10
다사729467,317,0.11127506966084831,0.16711851690737323,0.0,0.16711851690737323,False,10000.00000021099,4
다사739475,318,0.1102250426499577,0.1655415333358728,0.0,0.1655415333358728,False,9999.999999983771,3
다사730473,319,0.10844780484159225,0.16287238787830546,0.0,0.16287238787830546,False,10000.000000200733,7
다사726442,320,0.10843666477991425,0.16285565717131456,0.0,0.16285565717131456,False,10000.000000013799,10
다사721445,321,0.10753363912110572,0.1614994476511647,0.0,0.1614994476511647,False,4316.80068180709,6
다사749484,322,0.10738177431284536,0.16127136941581288,0.0,0.16127136941581288,False,9999.999999926424,6
다사752483,323,0.1060720582010154,0.15930437164312378,0.0,0.15930437164312378,False,10000.000000206097,7
다사746481,324,0.10559751507561632,0.15859167882192857,0.0,0.15859167882192857,False,10000.000000041475,5
다사726441,325,0.10526998393569231,0.15809977602185024,0.0,0.15809977602185024,False,10000.000000024964,8
다사730452,326,0.10505605582937844,0.15777848799245658,0.0,0.15777848799245658,False,10000.000000033686,4
다사727460,327,0.10478233673522938,0.15736740283921571,0.0,0.15736740283921571,False,9999.999999881125,6
다사751483,328,0.10321000172234276,0.1550059907436221,0.0,0.1550059907436221,False,9999.99999977261,5
다사753486,329,0.10266218387089827,0.1541832502398613,0.0,0.1541832502398613,False,9896.014851823027,3
다사728463,330,0.1024852303669935,0.15391749253488513,0.0,0.15391749253488513,False,9963.92219578899,4
다사733465,331,0.10239935729877149,0.15378852402606022,0.0,0.15378852402606022,False,10000.002169341271,5
다사750479,332,0.10204720447203251,0.1532596431337927,0.0,0.1532596431337927,False,9808.409531852214,3
다사743479,333,0.10200943660881533,0.15320292145024889,0.0,0.15320292145024889,False,8864.149991456194,3
다사730459,334,0.10135824816374417,0.1522249337707157,0.0,0.1522249337707157,False,10000.004212411299,6
다사753484,335,0.10070933198434895,0.1512503586944811,0.0,0.1512503586944811,False,9999.999999995845,4
다사726459,336,0.09935102195377603,0.14921038012154816,0.0,0.14921038012154816,False,9999.999999892956,6
다사727470,337,0.09686098367140011,0.145470714929142,0.0,0.145470714929142,False,874.9031892224737,4
다사725443,338,0.09659452870568283,0.14507053941068132,0.0,0.14507053941068132,False,9999.999815470175,3
다사738471,339,0.09636433759150811,0.1447248267751073,0.0,0.1447248267751073,False,9999.999999802094,9
다사728437,340,0.09561766238884643,0.1436034322627457,0.0,0.1436034322627457,False,8115.373832330472,7
다사741483,341,0.09423371426999749,0.14152494911460023,0.0,0.14152494911460023,False,9999.98419214192,5
다사753481,342,0.09414769791808437,0.14139576541509485,0.0,0.14139576541509485,False,9999.999999952988,4
다사721444,343,0.09390767079518599,0.14103528056508685,0.0,0.14103528056508685,False,9938.90545624669,8
다사724451,344,0.09354471070849828,0.1404901687842657,0.0,0.1404901687842657,False,9918.41332650483,5
다사726437,345,0.09311970531961092,0.13985187423648449,0.0,0.13985187423648449,False,3621.3549450650776,7
다사721443,346,0.09111771480619851,0.1368451838207082,0.0,0.1368451838207082,False,4298.260362150933,6
다사728465,347,0.09071960035027353,0.1362472754335344,0.0,0.1362472754335344,False,5149.393442533943,5
다사727450,348,0.09030862955216483,0.1356300587426665,0.0,0.1356300587426665,False,9999.999999896132,9
다사730440,349,0.0900467929334937,0.13523681929093911,0.0,0.13523681929093911,False,1285.069181474672,6
다사724453,350,0.08932359144787141,0.13415067879180687,0.0,0.13415067879180687,False,9695.84367761031,5
다사727448,351,0.0892957149238142,0.13410881242073946,0.0,0.13410881242073946,False,9999.999999892556,4
다사726439,352,0.08875822891447502,0.13330158879901538,0.0,0.13330158879901538,False,6947.8693821372035,4
다사724450,353,0.08867431368674329,0.13317556067387282,0.0,0.13317556067387282,False,10000.000000024429,5
다사753476,354,0.08799988533403014,0.13216267012786612,0.0,0.13216267012786612,False,4336.3721096512145,3
다사752484,355,0.08777863038201066,0.13183037827172436,0.0,0.13183037827172436,False,9999.999999952477,5
다사738455,356,0.08745841940919472,0.1313494692681392,0.0,0.1313494692681392,False,9999.999788861158,7
다사753485,357,0.08731322566400596,0.1311314099720711,0.0,0.1311314099720711,False,10000.000000052481,3
다사735460,358,0.0865267430021964,0.12995023060803587,0.0,0.12995023060803587,False,9999.999427985298,5
다사725457,359,0.08619617461630404,0.1294537663186387,0.0,0.1294537663186387,False,8344.120121448113,4
다사727466,360,0.08509314960444563,0.12779718767388615,0.0,0.12779718767388615,False,1381.8763859283156,3
다사733462,361,0.08429402045745646,0.12659701517999936,0.0,0.12659701517999936,False,10000.000000029742,9
다사742477,362,0.08407880392043532,0.1262737921203281,0.0,0.1262737921203281,False,9999.999999945452,3
다사729455,363,0.08288962600765964,0.12448782469988261,0.0,0.12448782469988261,False,10000.002525885902,3
다사726449,364,0.08178922856193231,0.12283519226658819,0.0,0.12283519226658819,False,9999.99989213392,9
다사725437,365,0.08150498299222142,0.12240829792096021,0.0,0.12240829792096021,False,3793.945640118717,8
다사729449,366,0.08145964585780609,0.1223402083238257,0.0,0.1223402083238257,False,10000.00008096218,6
다사727453,367,0.07944132343059125,0.11930898981544756,0.0,0.11930898981544756,False,9999.998243738868,4
다사731450,368,0.07733297905713973,0.116142571803802,0.0,0.116142571803802,False,9999.999999873107,4
다사732466,369,0.07675984700289916,0.1152818131523926,0.0,0.1152818131523926,False,9999.999999936466,4
다사751478,370,0.0763318497059316,0.1146390252060216,0.0,0.1146390252060216,False,5563.360604935111,3
다사727454,371,0.0762577426927528,0.1145277275526243,0.0,0.1145277275526243,False,9999.995524903208,4
다사728460,372,0.07462597280510845,0.11207705316178021,0.0,0.11207705316178021,False,9999.999816368629,8
다사743481,373,0.0741948402975124,0.1114295565978184,0.0,0.1114295565978184,False,9844.349205897925,6
다사734448,374,0.07337118698222674,0.11019255246997635,0.0,0.11019255246997635,False,984.4619168172925,5
다사736470,375,0.07291907982916387,0.1095135551246288,0.0,0.1095135551246288,False,10000.000000118585,4
다사738466,376,0.07117250582877345,0.10689046212182185,0.0,0.10689046212182185,False,9775.694098140057,2
다사730446,377,0.07032341428196888,0.10561525357373414,0.0,0.10561525357373414,False,9999.999896671923,7
다사727452,378,0.06984585366771005,0.10489802893544314,0.0,0.10489802893544314,False,10000.000000001874,4
다사729460,379,0.0673069111101241,0.1010849168337837,0.0,0.1010849168337837,False,10000.002084833857,4
다사724449,380,0.0648083379621744,0.09733243354940921,0.0,0.09733243354940921,False,10000.000000245796,5
다사736468,381,0.06453651916673861,0.09692420236070513,0.0,0.09692420236070513,False,10000.000000023969,4
다사747478,382,0.06441059963766134,0.09673509005537739,0.0,0.09673509005537739,False,5335.989956764648,5
다사728468,383,0.06304925258206354,0.0946905503249496,0.0,0.0946905503249496,False,9025.397004214337,4
다사726445,384,0.061953546012906834,0.09304496288688968,0.0,0.09304496288688968,False,9999.99999990611,3
다사728471,385,0.06126912368379254,0.09201706288261662,0.0,0.09201706288261662,False,5248.285546523849,5
다사726438,386,0.06000375484204907,0.09011666807884348,0.0,0.09011666807884348,False,9828.61314804655,6
다사738462,387,0.059764387936563766,0.08975717477667497,0.0,0.08975717477667497,False,5534.407536966719,5
다사735453,388,0.058815667690979345,0.08833233881939088,0.0,0.08833233881939088,False,9999.999874581257,3
다사747480,389,0.058440174003662325,0.08776840344443437,0.0,0.08776840344443437,False,5356.368636722211,4
다사730448,390,0.05676719049848103,0.08525583236226349,0.0,0.08525583236226349,False,9999.999999843607,6
다사732471,391,0.0565578360351107,0.0849414132607251,0.0,0.0849414132607251,False,9999.999858541905,7
다사725439,392,0.05587515572710842,0.08391612951169725,0.0,0.08391612951169725,False,10000.000000109576,5
다사727441,393,0.0550763069765263,0.08271637813128932,0.0,0.08271637813128932,False,9999.999038953221,8
다사728466,394,0.053246127339134086,0.07996772196232647,0.0,0.07996772196232647,False,6118.853580680874,5
다사752482,395,0.052863107397501365,0.07939248327870485,0.0,0.07939248327870485,False,10000.000000064525,5
다사729453,396,0.052310268205302386,0.078562201471916,0.0,0.078562201471916,False,9999.999999999354,5
다사722442,397,0.05191292768090503,0.07796545541417935,0.0,0.07796545541417935,False,8353.464353836824,8
다사727461,398,0.05117796107451674,0.07686164546276422,0.0,0.07686164546276422,False,10000.000000152122,4
다사731448,399,0.05083564423060013,0.07634753674603083,0.0,0.07634753674603083,False,5687.253300379913,6
다사722441,400,0.05080909197463611,0.07630765922763631,0.0,0.07630765922763631,False,7931.18911081558,8
다사743474,401,0.050620656588959666,0.07602465745299715,0.0,0.07602465745299715,False,9999.99999985527,6
다사740473,402,0.05049872123159633,0.07584152877787487,0.0,0.07584152877787487,False,9999.999999979875,5
다사744481,403,0.049784619442286314,0.07476905466202734,0.0,0.07476905466202734,False,10000.000000031736,5
다사728469,404,0.049381945330595686,0.07416429835364813,0.0,0.07416429835364813,False,10000.000000010556,6
다사733448,405,0.049297492697875846,0.07403746312656558,0.0,0.07403746312656558,False,9483.008305727119,5
다사724445,406,0.04893287128645684,0.07348985628439741,0.0,0.07348985628439741,False,10000.00000009784,4
다사733473,407,0.04625379758564183,0.06946628815785882,0.0,0.06946628815785882,False,10000.000156800987,7
다사744476,408,0.04529547651852922,0.06802703320214343,0.0,0.06802703320214343,False,10000.000000003718,4
다사729444,409,0.04527114434094037,0.06799048990952479,0.0,0.06799048990952479,False,9999.999793553416,6
다사742485,410,0.0447882944730449,0.0672653216031148,0.0,0.0672653216031148,False,3897.2423478277165,3
다사736474,411,0.04455667623444366,0.06691746564003417,0.0,0.06691746564003417,False,9999.99999995915,3
다사741485,412,0.04430651688492782,0.06654176370060588,0.0,0.06654176370060588,False,675.178515528472,3
다사739454,413,0.04420228253293816,0.06638521928892045,0.0,0.06638521928892045,False,7978.918999911013,7
다사733464,414,0.044091557780736534,0.06621892726655397,0.0,0.06621892726655397,False,10000.00688681078,6
다사739463,415,0.04408621091551081,0.06621089707444221,0.0,0.06621089707444221,False,6674.118206894988,3
다사725441,416,0.04311556224438172,0.06475312790070355,0.0,0.06475312790070355,False,6737.795334503765,3
다사733478,417,0.04239295491956741,0.06366787974226668,0.0,0.06366787974226668,False,10000.000000036922,3
다사739456,418,0.04234044835957393,0.06358902273987824,0.0,0.06358902273987824,False,6226.797756209587,6
다사735480,419,0.04104895333493,0.06164939031574609,0.0,0.06164939031574609,False,4694.842075305388,3
다사728459,420,0.040047891528175276,0.06014594515963555,0.0,0.06014594515963555,False,10000.003638631675,3
다사739472,421,0.038085711101268335,0.05719904354143111,0.0,0.05719904354143111,False,10000.000000170414,2
다사757481,422,0.03794972893050764,0.056994818652849735,0.0,0.056994818652849735,False,32.19588930023176,1
다사738454,423,0.03722292416970033,0.055903266573147266,0.0,0.055903266573147266,False,9999.999537046451,12
다사735450,424,0.03618897441384789,0.054350428634861114,0.0,0.054350428634861114,False,5419.12844637243,3
다사728443,425,0.036087548431800634,0.05419810197492486,0.0,0.05419810197492486,False,10000.000000028265,7
다사731474,426,0.03443276508717046,0.05171286481263425,0.0,0.05171286481263425,False,9999.999999915046,4
다사724456,427,0.032420351167934056,0.04869051999980621,0.0,0.04869051999980621,False,3839.1303979401355,4
다사735469,428,0.03200619480955785,0.048068519073717904,0.0,0.048068519073717904,False,9999.999999925583,4
다사726452,429,0.03174229120910178,0.04767217532440231,0.0,0.04767217532440231,False,10000.0000000924,4
다사737473,430,0.030816565438104373,0.046281873629839945,0.0,0.046281873629839945,False,9999.999999864796,4
다사725446,431,0.0307738717423638,0.04621775408235096,0.0,0.04621775408235096,False,9999.999845340077,5
다사730472,432,0.030444574544763174,0.04572319892770132,0.0,0.04572319892770132,False,10000.000844303173,4
다사734475,433,0.03001110135433523,0.045072187008102275,0.0,0.045072187008102275,False,10000.000000059517,5
다사723449,434,0.029115057203952376,0.043726462669740465,0.0,0.043726462669740465,False,10000.000000111726,5
다사723443,435,0.028936579596364132,0.043458415988914006,0.0,0.043458415988914006,False,9999.999999896054,3
다사741472,436,0.02777105090993545,0.04170796617043599,0.0,0.04170796617043599,False,10000.000000064814,4
다사738463,437,0.0266011379987804,0.039950931901943314,0.0,0.039950931901943314,False,9958.437923560214,4
다사730439,438,0.025793972631851368,0.03873869020727344,0.0,0.03873869020727344,False,1842.0562987859955,3
다사722449,439,0.02564559252919125,0.03851584547870396,0.0,0.03851584547870396,False,5559.005779134128,4
다사731456,440,0.025482377877423218,0.03827072147541947,0.0,0.03827072147541947,False,9999.993101152657,5
다사736462,441,0.025469542649942715,0.03825144488285252,0.0,0.03825144488285252,False,9999.99999999041,4
다사725459,442,0.024700186612273387,0.03709598714752235,0.0,0.03709598714752235,False,9910.858755391397,4
다사735463,443,0.024684480617207655,0.03707239909127633,0.0,0.03707239909127633,False,10000.000140183778,7
다사737467,444,0.02410152850103781,0.03619689217513376,0.0,0.03619689217513376,False,9999.999999937048,2
다사757483,445,0.024030636807409744,0.036090423450950676,0.0,0.036090423450950676,False,4413.6293042187945,3
다사738480,446,0.02233857563233471,0.03354920056107115,0.0,0.03354920056107115,False,1796.9905236949792,3
다사757482,447,0.021451268869760835,0.03221659847279403,0.0,0.03221659847279403,False,1756.7452293535152,3
다사720444,448,0.020879469933043734,0.03135784196457864,0.0,0.03135784196457864,False,4893.485299226423,4
다사741477,449,0.020426455427774586,0.030677481911883523,0.0,0.030677481911883523,False,10000.000000071961,6
다사748481,450,0.019645993934412173,0.02950534544257757,0.0,0.02950534544257757,False,10000.000000043849,4
다사741471,451,0.019619138803854776,0.029465013051829265,0.0,0.029465013051829265,False,10000.000000086266,3
다사741476,452,0.01916659698654945,0.028785362905780043,0.0,0.028785362905780043,False,10000.000000003689,4
다사726444,453,0.019125846340374248,0.02872416152821565,0.0,0.02872416152821565,False,9999.99999986493,5
다사732476,454,0.019043275769846782,0.028600152877142206,0.0,0.028600152877142206,False,10000.00000000176,4
다사736479,455,0.01882253924391405,0.028268639619468253,0.0,0.028268639619468253,False,9999.998015508945,6
다사728440,456,0.01874802384382241,0.028156728629989393,0.0,0.028156728629989393,False,1929.319682370317,3
다사745483,457,0.018626969273788083,0.027974922765740946,0.0,0.027974922765740946,False,9999.999999915359,2
다사740484,458,0.018482986567664696,0.027758682269275848,0.0,0.027758682269275848,False,6987.571533970914,5
다사734479,459,0.018235584031542632,0.027387120651369355,0.0,0.027387120651369355,False,10000.000000040745,1
다사739477,460,0.018235584031542632,0.027387120651369355,0.0,0.027387120651369355,False,9999.999999988358,1
다사725451,461,0.01819503499850005,0.027326222066585193,0.0,0.027326222066585193,False,9999.999999937267,3
다사743484,462,0.018074371382381875,0.027145003356663817,0.0,0.027145003356663817,False,10000.000797594035,2
다사739455,463,0.01798596406210514,0.02701222878017123,0.0,0.02701222878017123,False,5601.846022900863,4
다사729463,464,0.017980227367680655,0.027003613122889743,0.0,0.027003613122889743,False,9999.999995069895,3
다사740455,465,0.01783039744026544,0.026778590974314273,0.0,0.026778590974314273,False,3582.864054872967,3
다사734455,466,0.017385092684530708,0.026109809812666765,0.0,0.026109809812666765,False,9999.996455683806,7
다사733479,467,0.017272136563477963,0.025940166607917682,0.0,0.025940166607917682,False,9555.408660903411,2
다사732478,468,0.017239669001425293,0.025891405184227917,0.0,0.025891405184227917,False,9104.08312633325,2
다사742481,469,0.01686935049250331,0.02533524215343391,0.0,0.02533524215343391,False,6552.890170288981,2
다사732463,470,0.01676034063648674,0.025171525648728047,0.0,0.025171525648728047,False,10000.00000012196,3
다사752478,471,0.016196459273496187,0.024324660152423214,0.0,0.024324660152423214,False,9257.895754467061,2
다사728467,472,0.015621877691921544,0.023461724527689715,0.0,0.023461724527689715,False,2123.206499067489,2
다사742479,473,0.015559954449818015,0.023368725076743712,0.0,0.023368725076743712,False,6915.21414927624,3
다사740474,474,0.01546055782853853,0.023219446213252906,0.0,0.023219446213252906,False,10000.00000002019,2
다사741455,475,0.015083520030747305,0.02265319181523781,0.0,0.02265319181523781,False,3290.3894753349227,4
다사738460,476,0.014734590586572206,0.022129151961624727,0.0,0.022129151961624727,False,8763.219267243467,2
다사741479,477,0.014708261285485417,0.022089609288119847,0.0,0.022089609288119847,False,2857.7055178504916,2
다사726447,478,0.01461404729411556,0.021948113959852307,0.0,0.021948113959852307,False,9999.999980492294,4
다사732451,479,0.014594063853754292,0.021918101820331205,0.0,0.021918101820331205,False,10000.000000020758,6
다사732477,480,0.014584413731821209,0.02190360878006309,0.0,0.02190360878006309,False,9999.999999892763,3
다사732479,481,0.014503615131618089,0.021782261363473797,0.0,0.021782261363473797,False,2627.9097614701345,2
다사726461,482,0.014364826621811462,0.02157382177324608,0.0,0.02157382177324608,False,10000.00000012828,4
다사736454,483,0.014307882444612357,0.02148830013332233,0.0,0.02148830013332233,False,10000.000000011854,4
다사727440,484,0.01342289224210186,0.020159177171890946,0.0,0.020159177171890946,False,2529.2181995750675,3
다사752486,485,0.013369653450537767,0.020079220467165895,0.0,0.020079220467165895,False,10000.000000034925,4
다사739460,486,0.013354268296849056,0.020056114266696325,0.0,0.020056114266696325,False,3770.9259649474716,3
다사740454,487,0.01333397816193976,0.020025641517820703,0.0,0.020025641517820703,False,6305.656248809845,3
다사737480,488,0.013232017298801637,0.019872511546460782,0.0,0.019872511546460782,False,2333.5701258940635,3
다사733452,489,0.0132247218482161,0.019861554870488872,0.0,0.019861554870488872,False,6488.7875456889,2
다사733460,490,0.012814194184327256,0.01924500370096225,0.0,0.01924500370096225,False,10000.000000130058,2
다사728458,491,0.012669023950225029,0.019026979715030777,0.0,0.019026979715030777,False,10000.00243925255,3
다사726448,492,0.01235631807263938,0.018557342242328127,0.0,0.018557342242328127,False,9999.999999848624,5
다사746480,493,0.012251974256462536,0.018400633431800508,0.0,0.018400633431800508,False,4238.070754815786,4
다사754482,494,0.011989022691291743,0.01800571949713615,0.0,0.01800571949713615,False,9999.999999879294,4
다사738456,495,0.011934233833312182,0.017923434824419254,0.0,0.017923434824419254,False,9999.99999997037,3
다사738477,496,0.011932089546051208,0.01792021442556469,0.0,0.01792021442556469,False,10000.000000020806,5
다사736478,497,0.0119093608330183,0.017886079296960865,0.0,0.017886079296960865,False,9999.999938068828,3
다사741454,498,0.011891854000102332,0.01785978665152304,0.0,0.01785978665152304,False,2245.9450785082954,3
다사734480,499,0.01183183489548054,0.017769646930370104,0.0,0.017769646930370104,False,3563.8696192883126,2
다사730445,500,0.011562106914125911,0.017364555831799758,0.0,0.017364555831799758,False,9999.999999963122,3
다사733451,501,0.01152026420467236,0.01730171433847536,0.0,0.01730171433847536,False,1955.8994251210397,4
다사752477,502,0.011450507549181685,0.017196950271865016,0.0,0.017196950271865016,False,7291.932760672145,2
다사730462,503,0.011269563757995342,0.016925199752015205,0.0,0.016925199752015205,False,10000.00000007315,5
다사733459,504,0.01093769749977166,0.016426786252432785,0.0,0.016426786252432785,False,9999.999999955908,2
다사728450,505,0.01092855029239356,0.01641304851463104,0.0,0.01641304851463104,False,9999.999999783719,8
다사729451,506,0.010715060323091725,0.016092418501519695,0.0,0.016092418501519695,False,10000.000000061938,6
다사730464,507,0.009821514262074206,0.014750445919873102,0.0,0.014750445919873102,False,9999.999999973423,3
다사725461,508,0.009707940074647137,0.014579874471842369,0.0,0.014579874471842369,False,9630.424557608712,4
다사753482,509,0.00938503867246899,0.014094924845625153,0.0,0.014094924845625153,False,10000.00000000706,3
다사738475,510,0.00938420688066117,0.014093675618698379,0.0,0.014093675618698379,False,9999.999999963351,4
다사742473,511,0.009340384243830465,0.014027860570490016,0.0,0.014027860570490016,False,10000.000000246517,3
다사742483,512,0.009278423417454672,0.013934804673586624,0.0,0.013934804673586624,False,9999.991816425292,5
다사738464,513,0.009244881933928657,0.013884430380415428,0.0,0.013884430380415428,False,9998.98079879794,5
다사737454,514,0.008882551225115642,0.013340263831058205,0.0,0.013340263831058205,False,10000.000000037115,5
다사725456,515,0.008814480866275428,0.013238032329883671,0.0,0.013238032329883671,False,10000.002366087312,5
다사734453,516,0.00865744015349175,0.013002180659833275,0.0,0.013002180659833275,False,6279.868453183957,5
다사752476,517,0.008356376345221357,0.012550027834533038,0.0,0.012550027834533038,False,2621.9306590246388,2
다사738461,518,0.00805428499024838,0.012096331787723139,0.0,0.012096331787723139,False,6176.380811342426,3
다사725448,519,0.007744933485552835,0.011631732081559364,0.0,0.011631732081559364,False,9999.99999998295,5
다사735472,520,0.007504824893173594,0.011271124876572333,0.0,0.011271124876572333,False,9999.999999867874,3
다사737471,521,0.007467419983001274,0.01121494829423359,0.0,0.01121494829423359,False,9999.99999999418,2
다사727446,522,0.007436331289074075,0.011168257724301477,0.0,0.011168257724301477,False,9999.999999990043,4
다사734473,523,0.007333542196627358,0.011013883876355964,0.0,0.011013883876355964,False,10000.000000069089,6
다사737475,524,0.007189183997543128,0.01079707944560696,0.0,0.01079707944560696,False,10000.000000048283,4
다사733480,525,0.007056843514334207,0.010598323827227318,0.0,0.010598323827227318,False,1008.6660829529762,2
다사738479,526,0.006286442014449754,0.009441295963966357,0.0,0.009441295963966357,False,9365.32653093004,4
다사751485,527,0.006256486568257235,0.009396307362689805,0.0,0.009396307362689805,False,10000.000000133536,4
다사739474,528,0.006124292214246839,0.009197771208517273,0.0,0.009197771208517273,False,9999.999999927075,3
다사731477,529,0.005980011076378852,0.008981082512192961,0.0,0.008981082512192961,False,5525.685577771926,4
다사744475,530,0.005883762673391284,0.00883653180185856,0.0,0.00883653180185856,False,9999.999999961019,4
다사725447,531,0.005742215891741604,0.008623949699736282,0.0,0.008623949699736282,False,9999.999782118592,7
다사734452,532,0.005679469042745291,0.008529713314382084,0.0,0.008529713314382084,False,3893.3188952608343,2
다사736458,533,0.0056198301419058015,0.008440144602462524,0.0,0.008440144602462524,False,9999.999999980537,2
다사732459,534,0.005498238443402357,0.00825753205156431,0.0,0.00825753205156431,False,9999.999670077119,6
다사729450,535,0.0054465106871525735,0.00817984469595305,0.0,0.00817984469595305,False,10000.000000011125,8
다사728451,536,0.005096892691980896,0.007654770741694477,0.0,0.007654770741694477,False,9999.999999899204,6
다사742470,537,0.004880613218494925,0.0073299513103820884,0.0,0.0073299513103820884,False,9828.574423389027,5
다사735476,538,0.004797487994578613,0.007205109652849744,0.0,0.007205109652849744,False,9999.99999989615,5
다사752487,539,0.004740708360307854,0.007119835131802097,0.0,0.007119835131802097,False,9999.99999998032,4
다사730444,540,0.0047061375359803296,0.007067914922652915,0.0,0.007067914922652915,False,5191.5968365768,5
다사731478,541,0.004616845222027207,0.0069338112179816455,0.0,0.0069338112179816455,False,648.0236907495478,2
다사741484,542,0.004532110850590842,0.0068065528614721085,0.0,0.0068065528614721085,False,9773.93680832136,3
다사756481,543,0.004230164870395459,0.006353075145841884,0.0,0.006353075145841884,False,9040.94685940623,4
다사732458,544,0.004106132238336764,0.006166796677709322,0.0,0.006166796677709322,False,10000.000173759698,6
다사754484,545,0.003952430502117378,0.005935959651218474,0.0,0.005935959651218474,False,9999.99999994487,2
다사744474,546,0.003932362588747945,0.005905820645869414,0.0,0.005905820645869414,False,6869.637859147245,3
다사739457,547,0.0037635804785398665,0.005652335152448104,0.0,0.005652335152448104,False,9999.999999968879,5
다사725450,548,0.0035024410287795788,0.005260142744184874,0.0,0.005260142744184874,False,9999.999999963891,3
다사738457,549,0.0034934821512167496,0.005246687849606799,0.0,0.005246687849606799,False,9999.99999998141,3
다사732460,550,0.003439095177910594,0.0051650067475800115,0.0,0.0051650067475800115,False,10000.000196190189,8
다사730460,551,0.0034220949418584837,0.005139474934885909,0.0,0.005139474934885909,False,10000.004561240441,5
다사751484,552,0.0034022384467903392,0.005109653448214358,0.0,0.005109653448214358,False,9999.999999872347,4
다사740457,553,0.003122535879840002,0.004689582013468072,0.0,0.004689582013468072,False,9020.384969330924,5
다사752485,554,0.003112011606982689,0.004673776129213823,0.0,0.004673776129213823,False,10000.000000114125,4
다사728446,555,0.0030598021111597697,0.004595365272792874,0.0,0.004595365272792874,False,10000.000000043829,5
다사735456,556,0.003020641024525435,0.004536551175989717,0.0,0.004536551175989717,False,10000.002129509372,7
다사729459,557,0.0029672981158671303,0.004456438102956629,0.0,0.004456438102956629,False,9999.999459938703,2
다사743470,558,0.002854414450283979,0.00428690371548941,0.0,0.00428690371548941,False,590.0008962940685,4
다사726458,559,0.0026778161146797995,0.004021679420196382,0.0,0.004021679420196382,False,10000.000000004657,2
다사745476,560,0.002599445672082278,0.0039039787332753083,0.0,0.0039039787332753083,False,10000.000108831751,3
다사738458,561,0.0025040401592702887,0.0037606939179566363,0.0,0.0037606939179566363,False,9294.725021089553,3
다사736457,562,0.002387036360807919,0.003584971706942462,0.0,0.003584971706942462,False,9999.999999967074,4
다사733450,563,0.002381713611109807,0.0035769777327474446,0.0,0.0035769777327474446,False,1610.4003670582272,4
다사729441,564,0.002369987177974167,0.003559366383500803,0.0,0.003559366383500803,False,7467.250142220441,6
다사733463,565,0.002330048492673526,0.0034993844497665312,0.0,0.0034993844497665312,False,9999.998745786963,7
다사728454,566,0.0021911444570742846,0.0032907713570715937,0.0,0.0032907713570715937,False,10000.000767666514,3
다사730463,567,0.0019970727904100867,0.0029993047311192194,0.0,0.0029993047311192194,False,10000.0000001637,5
다사743473,568,0.001974561167709556,0.002965495639735521,0.0,0.002965495639735521,False,9999.99999995723,3
다사734447,569,0.00191011462140639,0.0028687065631632603,0.0,0.0028687065631632603,False,6758.491237727385,3
다사755481,570,0.0017323588309626924,0.002601743943762622,0.0,0.002601743943762622,False,10000.000003028214,4
다사734472,571,0.0017302736322625436,0.0025986122870915625,0.0,0.0025986122870915625,False,9999.99999998374,6
다사738465,572,0.0013876645625496061,0.0020840646909053664,0.0,0.0020840646909053664,False,4483.613070374015,6
다사723448,573,0.001290370452449398,0.0019379434848407313,0.0,0.0019379434848407313,False,10000.000000007693,2
다사734459,574,0.0011585506018034616,0.001739969778726294,0.0,0.001739969778726294,False,10000.00000003245,2
다사731445,575,0.001071784007507258,0.001609659327336955,0.0,0.001609659327336955,False,2255.0906767143033,3
다사756480,576,0.0010292035051924213,0.0015457097794488695,0.0,0.0015457097794488695,False,5878.479681312389,5
다사722446,577,0.000936661968248304,0.0014067262276652914,0.0,0.0014067262276652914,False,9999.99999997003,4
다사728464,578,0.0009352371583595012,0.0014045863762482812,0.0,0.0014045863762482812,False,5066.965281624291,2
다사740458,579,0.0008724241465613088,0.0013102506242582497,0.0,0.0013102506242582497,False,4519.739680289511,3
다사754480,580,0.0007434573411526895,0.0011165617655061488,0.0,0.0011165617655061488,False,10000.000000008275,2
다사748479,581,0.0007333607453616632,0.0011013981882596702,0.0,0.0011013981882596702,False,985.5663646494704,2
다사750484,582,0.0005818189627788366,0.000873805089177098,0.0,0.000873805089177098,False,10000.000000029608,4
다사735462,583,0.00045852829405328567,0.0006886409390333949,0.0,0.0006886409390333949,False,9999.999999971136,8
다사734451,584,0.0003882329683309553,0.000583067870276468,0.0,0.000583067870276468,False,7695.423210996399,2
다사728442,585,0.0003201746623276174,0.0004808544706607962,0.0,0.0004808544706607962,False,10000.000000053105,6
다사727469,586,0.0002896817970880708,0.00043505874632990054,0.0,0.00043505874632990054,False,2490.8157364902636,3
다사756482,587,0.00028852056456806256,0.0004333147487110281,0.0,0.0004333147487110281,False,9999.999999846466,3
다사734446,588,0.00025761297871173866,0.00038689617602229284,0.0,0.00038689617602229284,False,8518.551782745904,4
다사734471,589,0.00025517137897597045,0.00038322925828441454,0.0,0.00038322925828441454,False,10000.000028880035,5
다사733471,590,0.00023812833355658052,0.00035763315232146696,0.0,0.00035763315232146696,False,9999.999985720116,5
다사725460,591,0.00023550575388203666,0.00035369442977546434,0.0,0.00035369442977546434,False,9999.99999998715,3
다사732457,592,0.00016884517911474692,0.00025358021348913506,0.0,0.00025358021348913506,False,10000.001631246467,6
다사753483,593,0.00013796535651308553,0.0002072033370577724,0.0,0.0002072033370577724,False,10000.000000114833,3
다사729457,594,0.00011263905846385235,0.00016916702414741406,0.0,0.00016916702414741406,False,10000.003732168423,4
다사736472,595,0.00010849673301430747,0.00016294587067803838,0.0,0.00016294587067803838,False,10000.000000074664,3
다사735471,596,3.700037448771737e-05,5.5569030226186926e-05,0.0,5.5569030226186926e-05,False,9999.999999878484,4
다사727445,597,3.058126308561836e-05,4.592848467854896e-05,0.0,4.592848467854896e-05,False,10000.000000012707,8
다사737479,598,1.5243802282493203e-05,2.2893911792138197e-05,0.0,2.2893911792138197e-05,False,10000.001017251281,4
다사732464,599,1.0792793944260534e-05,1.6209162777871667e-05,0.0,1.6209162777871667e-05,False,9999.995252399718,5
다사721446,600,0.0,0.0,0.0,0.0,False,2056.5427384892164,3
다사721447,601,0.0,0.0,0.0,0.0,False,5257.710919570963,1
다사721448,602,0.0,0.0,0.0,0.0,False,6654.88581626189,1
다사721449,603,0.0,0.0,0.0,0.0,False,33.097073989100984,1
다사722447,604,0.0,0.0,0.0,0.0,False,9999.999999923952,2
다사722448,605,0.0,0.0,0.0,0.0,False,9999.999999813735,1
다사722450,606,0.0,0.0,0.0,0.0,False,1056.2445624266877,1
다사723440,607,0.0,0.0,0.0,0.0,False,4.874109344267205,1
다사723441,608,0.0,0.0,0.0,0.0,False,6043.9416607098265,2
다사723442,609,0.0,0.0,0.0,0.0,False,9395.771683374895,2
다사723447,610,0.0,0.0,0.0,0.0,False,10000.000000087151,2
다사723452,611,0.0,0.0,0.0,0.0,False,154.23875265485944,1
다사723453,612,0.0,0.0,0.0,0.0,False,1597.784720610636,1
다사724438,613,0.0,0.0,0.0,0.0,False,894.0062341963836,1
다사724439,614,0.0,0.0,0.0,0.0,False,1414.9081856298756,1
다사724440,615,0.0,0.0,0.0,0.0,False,20.76056592884803,1
다사724442,616,0.0,0.0,0.0,0.0,False,4343.630467530592,2
다사724443,617,0.0,0.0,0.0,0.0,False,9999.999999877764,1
다사724455,618,0.0,0.0,0.0,0.0,False,5911.77015355912,1
다사724457,619,0.0,0.0,0.0,0.0,False,287.4079134847735,1
다사724459,620,0.0,0.0,0.0,0.0,False,1145.9453616584176,2
다사724460,621,0.0,0.0,0.0,0.0,False,4175.103707200559,2
다사724461,622,0.0,0.0,0.0,0.0,False,979.2751298190321,1
다사725440,623,0.0,0.0,0.0,0.0,False,8551.260747935157,3
다사725453,624,0.0,0.0,0.0,0.0,False,9999.999999871943,1
다사725455,625,0.0,0.0,0.0,0.0,False,9999.999999935972,1
다사725462,626,0.0,0.0,0.0,0.0,False,1128.0440616352698,1
다사726453,627,0.0,0.0,0.0,0.0,False,9999.99999996695,2
다사726455,628,0.0,0.0,0.0,0.0,False,10000.00000000582,1
다사726456,629,0.0,0.0,0.0,0.0,False,10000.000000023283,1
다사726457,630,0.0,0.0,0.0,0.0,False,10000.001746114769,2
다사726462,631,0.0,0.0,0.0,0.0,False,9584.96481608278,2
다사726463,632,0.0,0.0,0.0,0.0,False,4.6126268546031906,1
다사727438,633,0.0,0.0,0.0,0.0,False,8572.986838609584,2
다사727439,634,0.0,0.0,0.0,0.0,False,40.80215806562581,1
다사727455,635,0.0,0.0,0.0,0.0,False,9999.999999976717,1
다사727456,636,0.0,0.0,0.0,0.0,False,9999.999999883585,1
다사727457,637,0.0,0.0,0.0,0.0,False,10000.00537747314,3
다사727458,638,0.0,0.0,0.0,0.0,False,10000.00632086641,3
다사727459,639,0.0,0.0,0.0,0.0,False,9999.999721099772,3
다사727462,640,0.0,0.0,0.0,0.0,False,9999.999999895539,3
다사727463,641,0.0,0.0,0.0,0.0,False,7147.067857541635,2
다사727465,642,0.0,0.0,0.0,0.0,False,37.061892015517905,1
다사727468,643,0.0,0.0,0.0,0.0,False,1283.134163969096,1
다사728438,644,0.0,0.0,0.0,0.0,False,5980.436015691343,2
다사728447,645,0.0,0.0,0.0,0.0,False,10000.000000051721,4
다사728455,646,0.0,0.0,0.0,0.0,False,10000.000000162981,1
다사728456,647,0.0,0.0,0.0,0.0,False,10000.000000110595,1
다사728457,648,0.0,0.0,0.0,0.0,False,10000.007940212483,2
다사728472,649,0.0,0.0,0.0,0.0,False,337.41916406239017,1
다사729436,650,0.0,0.0,0.0,0.0,False,2295.8064041953203,2
다사729437,651,0.0,0.0,0.0,0.0,False,6953.4925541216235,4
다사729438,652,0.0,0.0,0.0,0.0,False,3509.105710812654,2
다사729439,653,0.0,0.0,0.0,0.0,False,2616.349653086539,2
다사729442,654,0.0,0.0,0.0,0.0,False,9999.99999991851,1
다사729443,655,0.0,0.0,0.0,0.0,False,10000.00000007567,1
다사729456,656,0.0,0.0,0.0,0.0,False,9999.999999947613,1
다사729458,657,0.0,0.0,0.0,0.0,False,10000.002005658976,2
다사729462,658,0.0,0.0,0.0,0.0,False,9999.99999996177,4
다사730441,659,0.0,0.0,0.0,0.0,False,8532.443346957492,2
다사730442,660,0.0,0.0,0.0,0.0,False,4442.800186790262,2
다사730443,661,0.0,0.0,0.0,0.0,False,3228.980679256209,2
다사730453,662,0.0,0.0,0.0,0.0,False,10000.000000044245,4
다사730454,663,0.0,0.0,0.0,0.0,False,9999.998525114252,10
다사730466,664,0.0,0.0,0.0,0.0,False,10000.00000007567,1
다사730467,665,0.0,0.0,0.0,0.0,False,9999.999999904356,2
다사730476,666,0.0,0.0,0.0,0.0,False,1450.0037255591883,1
다사731444,667,0.0,0.0,0.0,0.0,False,2.4509288155556703,1
다사731446,668,0.0,0.0,0.0,0.0,False,9570.26666292349,2
다사731447,669,0.0,0.0,0.0,0.0,False,8226.381769229907,2
다사731449,670,0.0,0.0,0.0,0.0,False,10000.000000017462,1
다사731453,671,0.0,0.0,0.0,0.0,False,10000.000000007454,5
다사731454,672,0.0,0.0,0.0,0.0,False,9999.999763730744,6
다사731455,673,0.0,0.0,0.0,0.0,False,9999.998816929296,4
다사731476,674,0.0,0.0,0.0,0.0,False,9661.160350304574,4
다사732446,675,0.0,0.0,0.0,0.0,False,3462.182546603728,2
다사732447,676,0.0,0.0,0.0,0.0,False,986.0211931382981,4
다사732448,677,0.0,0.0,0.0,0.0,False,6782.994275927929,2
다사732454,678,0.0,0.0,0.0,0.0,False,10000.000000133878,1
다사732455,679,0.0,0.0,0.0,0.0,False,9999.999826464162,2
다사732456,680,0.0,0.0,0.0,0.0,False,9999.99722700934,4
다사732468,681,0.0,0.0,0.0,0.0,False,9999.99999991432,2
다사732469,682,0.0,0.0,0.0,0.0,False,9999.999999871943,1
다사733446,683,0.0,0.0,0.0,0.0,False,982.5129286449715,2
다사733447,684,0.0,0.0,0.0,0.0,False,8275.267682207572,2
다사733455,685,0.0,0.0,0.0,0.0,False,9999.996791039395,3
다사733456,686,0.0,0.0,0.0,0.0,False,10000.002974418827,3
다사733457,687,0.0,0.0,0.0,0.0,False,10000.00613536521,4
다사733458,688,0.0,0.0,0.0,0.0,False,9999.99999995911,2
다사733466,689,0.0,0.0,0.0,0.0,False,10000.000000181437,2
다사733467,690,0.0,0.0,0.0,0.0,False,10000.000000046566,1
다사733468,691,0.0,0.0,0.0,0.0,False,10000.000000162981,1
다사733469,692,0.0,0.0,0.0,0.0,False,9999.999999953434,1
다사733472,693,0.0,0.0,0.0,0.0,False,10000.000000063186,5
다사734445,694,0.0,0.0,0.0,0.0,False,5612.289055263386,2
다사734450,695,0.0,0.0,0.0,0.0,False,586.8281007830012,1
다사734456,696,0.0,0.0,0.0,0.0,False,10000.009082635419,4
다사734457,697,0.0,0.0,0.0,0.0,False,9999.999999994328,2
다사734458,698,0.0,0.0,0.0,0.0,False,10000.000000034925,1
다사734465,699,0.0,0.0,0.0,0.0,False,9999.999999931522,3
다사734466,700,0.0,0.0,0.0,0.0,False,10000.000000089012,2
다사734467,701,0.0,0.0,0.0,0.0,False,10000.000000002292,3
다사734468,702,0.0,0.0,0.0,0.0,False,10000.000000082915,5
다사734469,703,0.0,0.0,0.0,0.0,False,9999.999999935091,4
다사735445,704,0.0,0.0,0.0,0.0,False,4044.1170364159143,2
다사735446,705,0.0,0.0,0.0,0.0,False,1593.718081169302,2
다사735449,706,0.0,0.0,0.0,0.0,False,162.68824829087544,1
다사735457,707,0.0,0.0,0.0,0.0,False,10000.000000058208,1
다사735458,708,0.0,0.0,0.0,0.0,False,10000.000000064028,1
다사735459,709,0.0,0.0,0.0,0.0,False,9999.999999843412,2
다사735465,710,0.0,0.0,0.0,0.0,False,9999.999999951007,3
다사735466,711,0.0,0.0,0.0,0.0,False,9999.999999959693,3
다사735467,712,0.0,0.0,0.0,0.0,False,9999.999999838981,2
다사735468,713,0.0,0.0,0.0,0.0,False,9999.999999874992,2
다사735475,714,0.0,0.0,0.0,0.0,False,10000.000000042264,3
다사736450,715,0.0,0.0,0.0,0.0,False,2436.2588115498456,1
다사736451,716,0.0,0.0,0.0,0.0,False,67.02972749049275,1
다사736463,717,0.0,0.0,0.0,0.0,False,9999.999999901047,1
다사736465,718,0.0,0.0,0.0,0.0,False,10000.00000015134,1
다사736466,719,0.0,0.0,0.0,0.0,False,10000.000000098322,2
다사736467,720,0.0,0.0,0.0,0.0,False,9999.999999988358,1
다사736471,721,0.0,0.0,0.0,0.0,False,9999.999999790452,1
다사737453,722,0.0,0.0,0.0,0.0,False,4258.2934212763585,1
다사737474,723,0.0,0.0,0.0,0.0,False,10000.000000010632,2
다사738453,724,0.0,0.0,0.0,0.0,False,5405.532654639651,1
다사738473,725,0.0,0.0,0.0,0.0,False,9999.999999975376,5
다사738474,726,0.0,0.0,0.0,0.0,False,9999.999999879217,5
다사739453,727,0.0,0.0,0.0,0.0,False,102.0912708396918,2
다사739458,728,0.0,0.0,0.0,0.0,False,8503.138973926694,2
다사739461,729,0.0,0.0,0.0,0.0,False,192.00251930268874,1
다사739464,730,0.0,0.0,0.0,0.0,False,5681.976832307195,2
다사739473,731,0.0,0.0,0.0,0.0,False,10000.000000115635,2
다사740456,732,0.0,0.0,0.0,0.0,False,2848.768178864519,2
다사740463,733,0.0,0.0,0.0,0.0,False,2382.5858646141405,1
다사740464,734,0.0,0.0,0.0,0.0,False,417.9168479443978,1
다사740466,735,0.0,0.0,0.0,0.0,False,420.15394284638944,1
다사741457,736,0.0,0.0,0.0,0.0,False,104.08660379019643,1
다사741458,737,0.0,0.0,0.0,0.0,False,2.2450926655801364,1
다사741463,738,0.0,0.0,0.0,0.0,False,158.76070639443734,1
다사741466,739,0.0,0.0,0.0,0.0,False,1253.070289106365,2
다사742468,740,0.0,0.0,0.0,0.0,False,6597.657258082185,2
다사742469,741,0.0,0.0,0.0,0.0,False,10000.000000003585,2
다사742471,742,0.0,0.0,0.0,0.0,False,9698.092090051705,2
다사742472,743,0.0,0.0,0.0,0.0,False,9996.242831969555,3
다사742484,744,0.0,0.0,0.0,0.0,False,10000.000000106682,2
다사743468,745,0.0,0.0,0.0,0.0,False,781.7126166966082,2
다사743469,746,0.0,0.0,0.0,0.0,False,3412.7522183622077,2
다사743471,747,0.0,0.0,0.0,0.0,False,99.85580877753608,2
다사743472,748,0.0,0.0,0.0,0.0,False,7987.693404289336,3
다사743480,749,0.0,0.0,0.0,0.0,False,1647.3760942562237,1
다사744472,750,0.0,0.0,0.0,0.0,False,1347.356636967721,1
다사744473,751,0.0,0.0,0.0,0.0,False,2954.8760994998847,1
다사745474,752,0.0,0.0,0.0,0.0,False,2061.731332515655,1
다사745475,753,0.0,0.0,0.0,0.0,False,5175.70024049221,1
다사746475,754,0.0,0.0,0.0,0.0,False,673.1383946726257,1
다사746476,755,0.0,0.0,0.0,0.0,False,6445.251676578073,2
다사747476,756,0.0,0.0,0.0,0.0,False,19.5023782736765,1
다사747477,757,0.0,0.0,0.0,0.0,False,2538.0649093104917,1
다사749485,758,0.0,0.0,0.0,0.0,False,10000.000000050894,2
다사750485,759,0.0,0.0,0.0,0.0,False,9999.999999988318,3
다사750486,760,0.0,0.0,0.0,0.0,False,9999.999999951984,2
다사751486,761,0.0,0.0,0.0,0.0,False,10000.000000046566,1
다사751487,762,0.0,0.0,0.0,0.0,False,9999.999999978541,2
다사754478,763,0.0,0.0,0.0,0.0,False,7846.16335447255,2
다사754479,764,0.0,0.0,0.0,0.0,False,10000.00000008149,1
다사754483,765,0.0,0.0,0.0,0.0,False,9999.99999978657,2
다사755478,766,0.0,0.0,0.0,0.0,False,454.6139335312969,2
다사755479,767,0.0,0.0,0.0,0.0,False,7569.286750022184,2
다사755480,768,0.0,0.0,0.0,0.0,False,10000.00000007567,1
다사756479,769,0.0,0.0,0.0,0.0,False,522.637341643204,2
다사756483,770,0.0,0.0,0.0,0.0,False,9999.999999932448,2
